customer_id,account_id
0,0
0,1
0,2
0,3
0,4
0,5
0,6
1,7
1,8
1,9
1,10
1,11
1,12
1,13
2,14
3,15
3,16
3,17
3,18
3,19
4,20
4,21
4,22
4,23
4,24
4,25
4,26
4,27
4,28
5,29
5,30
5,31
5,32
5,33
5,34
5,35
5,36
6,37
6,38
6,39
6,40
6,41
6,42
6,43
7,44
7,45
7,46
7,47
7,48
8,49
8,50
8,51
8,52
8,53
8,54
8,55
8,56
9,57
9,58
9,59
9,60
9,61
9,62
10,63
10,64
10,65
10,66
10,67
10,68
10,69
10,70
10,71
10,72
11,73
11,74
11,75
11,76
12,77
12,78
12,79
12,80
12,81
12,82
12,83
12,84
12,85
13,86
13,87
13,88
14,89
14,90
14,91
14,92
14,93
15,94
15,95
15,96
16,97
16,98
17,99
17,100
17,101
17,102
17,103
17,104
17,105
17,106
17,107
17,108
18,109
18,110
18,111
18,112
18,113
19,114
19,115
19,116
19,117
19,118
19,119
19,120
19,121
19,122
20,123
20,124
20,125
20,126
20,127
20,128
20,129
20,130
20,131
20,132
21,133
21,134
21,135
22,136
22,137
22,138
22,139
22,140
23,141
23,142
24,143
24,144
25,145
25,146
25,147
25,148
25,149
25,150
26,151
26,152
26,153
26,154
26,155
26,156
26,157
26,158
27,159
27,160
27,161
27,162
27,163
27,164
27,165
27,166
27,167
28,168
28,169
29,170
29,171
29,172
29,173
29,174
29,175
30,176
30,177
30,178
30,179
30,180
30,181
30,182
31,183
31,184
31,185
31,186
31,187
31,188
32,189
32,190
32,191
32,192
32,193
32,194
32,195
32,196
32,197
32,198
33,199
33,200
33,201
33,202
34,203
34,204
34,205
34,206
34,207
34,208
34,209
34,210
34,211
35,212
35,213
35,214
35,215
35,216
35,217
35,218
35,219
36,220
36,221
36,222
36,223
36,224
36,225
36,226
36,227
37,228
37,229
37,230
37,231
37,232
37,233
37,234
37,235
37,236
38,237
38,238
38,239
38,240
38,241
39,242
40,243
40,244
40,245
40,246
40,247
40,248
40,249
40,250
40,251
41,252
42,253
42,254
43,255
43,256
43,257
43,258
43,259
43,260
43,261
44,262
45,263
45,264
45,265
45,266
45,267
45,268
45,269
45,270
45,271
45,272
46,273
46,274
46,275
46,276
46,277
46,278
46,279
46,280
47,281
47,282
47,283
47,284
47,285
47,286
48,287
48,288
48,289
48,290
49,291
49,292
49,293
49,294
49,295
49,296
50,297
50,298
51,299
51,300
51,301
51,302
52,303
52,304
52,305
52,306
52,307
52,308
52,309
52,310
52,311
52,312
53,313
53,314
53,315
53,316
54,317
54,318
54,319
54,320
55,321
55,322
55,323
56,324
56,325
56,326
56,327
56,328
56,329
56,330
56,331
56,332
57,333
57,334
57,335
57,336
57,337
57,338
57,339
57,340
58,341
58,342
59,343
59,344
60,345
60,346
60,347
60,348
60,349
60,350
61,351
61,352
61,353
61,354
61,355
61,356
61,357
61,358
61,359
62,360
62,361
62,362
62,363
62,364
62,365
62,366
62,367
63,368
63,369
64,370
64,371
64,372
64,373
64,374
65,375
65,376
65,377
65,378
65,379
65,380
65,381
65,382
65,383
66,384
66,385
66,386
66,387
66,388
67,389
67,390
68,391
68,392
68,393
68,394
68,395
68,396
68,397
68,398
68,399
69,400
69,401
69,402
69,403
69,404
69,405
70,406
70,407
70,408
70,409
70,410
70,411
70,412
70,413
70,414
71,415
71,416
71,417
71,418
72,419
72,420
72,421
72,422
72,423
72,424
72,425
72,426
72,427
72,428
73,429
73,430
73,431
73,432
73,433
73,434
73,435
73,436
73,437
74,438
74,439
74,440
74,441
74,442
74,443
74,444
74,445
74,446
74,447
75,448
75,449
75,450
75,451
75,452
76,453
76,454
76,455
76,456
76,457
76,458
76,459
76,460
77,461
77,462
78,463
78,464
78,465
78,466
78,467
78,468
78,469
78,470
78,471
78,472
79,473
79,474
79,475
79,476
79,477
79,478
79,479
80,480
80,481
80,482
80,483
80,484
80,485
81,486
81,487
81,488
81,489
81,490
81,491
81,492
81,493
81,494
81,495
82,496
82,497
82,498
82,499
83,500
83,501
83,502
83,503
83,504
84,505
84,506
84,507
85,508
85,509
85,510
85,511
86,512
86,513
86,514
87,515
88,516
88,517
88,518
88,519
88,520
88,521
88,522
88,523
88,524
88,525
89,526
89,527
89,528
89,529
89,530
90,531
90,532
90,533
90,534
90,535
90,536
90,537
90,538
91,539
91,540
92,541
92,542
93,543
93,544
93,545
94,546
94,547
94,548
95,549
96,550
96,551
97,552
97,553
97,554
97,555
97,556
97,557
97,558
97,559
97,560
98,561
98,562
98,563
98,564
98,565
98,566
98,567
99,568
99,569
99,570
99,571
99,572
99,573
99,574
99,575
99,576
100,577
100,578
100,579
100,580
100,581
101,582
101,583
101,584
101,585
101,586
101,587
101,588
101,589
101,590
102,591
102,592
102,593
102,594
103,595
103,596
103,597
103,598
104,599
104,600
104,601
104,602
104,603
104,604
104,605
104,606
104,607
104,608
105,609
105,610
105,611
105,612
105,613
105,614
105,615
106,616
106,617
106,618
106,619
106,620
106,621
106,622
106,623
106,624
106,625
107,626
107,627
107,628
107,629
107,630
108,631
108,632
108,633
108,634
108,635
108,636
108,637
108,638
109,639
109,640
109,641
109,642
109,643
109,644
109,645
109,646
110,647
110,648
110,649
110,650
110,651
110,652
111,653
111,654
112,655
112,656
112,657
112,658
112,659
112,660
113,661
113,662
113,663
113,664
113,665
113,666
113,667
113,668
113,669
113,670
114,671
114,672
115,673
115,674
115,675
115,676
115,677
115,678
115,679
115,680
116,681
116,682
116,683
116,684
116,685
116,686
116,687
116,688
116,689
116,690
117,691
117,692
117,693
117,694
117,695
117,696
118,697
118,698
118,699
118,700
119,701
119,702
119,703
119,704
120,705
121,706
121,707
121,708
121,709
121,710
122,711
122,712
123,713
123,714
123,715
123,716
124,717
124,718
124,719
124,720
124,721
124,722
125,723
125,724
125,725
126,726
126,727
126,728
126,729
126,730
126,731
127,732
127,733
127,734
127,735
127,736
127,737
127,738
128,739
129,740
129,741
130,742
130,743
130,744
131,745
131,746
131,747
131,748
132,749
133,750
133,751
133,752
133,753
133,754
133,755
133,756
133,757
133,758
133,759
134,760
134,761
134,762
134,763
134,764
134,765
134,766
134,767
134,768
135,769
135,770
135,771
135,772
135,773
135,774
135,775
135,776
135,777
135,778
136,779
136,780
137,781
138,782
138,783
139,784
139,785
139,786
139,787
140,788
140,789
140,790
140,791
140,792
140,793
140,794
140,795
140,796
140,797
141,798
141,799
141,800
141,801
141,802
141,803
141,804
141,805
141,806
141,807
142,808
142,809
143,810
143,811
143,812
143,813
143,814
143,815
143,816
144,817
144,818
145,819
145,820
145,821
145,822
145,823
145,824
146,825
146,826
147,827
148,828
148,829
148,830
148,831
148,832
148,833
148,834
148,835
148,836
148,837
149,838
150,839
150,840
150,841
150,842
151,843
151,844
151,845
152,846
152,847
153,848
153,849
153,850
153,851
153,852
153,853
153,854
153,855
154,856
154,857
154,858
154,859
155,860
156,861
157,862
157,863
157,864
157,865
157,866
157,867
157,868
157,869
157,870
158,871
158,872
158,873
158,874
158,875
158,876
158,877
159,878
159,879
159,880
159,881
159,882
159,883
159,884
159,885
159,886
159,887
160,888
160,889
161,890
161,891
161,892
161,893
161,894
162,895
162,896
163,897
163,898
163,899
163,900
164,901
164,902
165,903
165,904
165,905
165,906
165,907
166,908
166,909
166,910
166,911
166,912
166,913
167,914
167,915
167,916
167,917
167,918
167,919
167,920
168,921
168,922
168,923
169,924
170,925
170,926
170,927
170,928
170,929
170,930
170,931
170,932
170,933
171,934
171,935
171,936
171,937
171,938
171,939
171,940
171,941
172,942
173,943
173,944
173,945
173,946
173,947
173,948
173,949
173,950
173,951
173,952
174,953
174,954
175,955
175,956
175,957
175,958
175,959
175,960
175,961
176,962
176,963
176,964
176,965
177,966
177,967
177,968
177,969
177,970
178,971
178,972
178,973
178,974
178,975
178,976
179,977
179,978
179,979
179,980
179,981
179,982
179,983
179,984
180,985
180,986
180,987
180,988
180,989
180,990
180,991
180,992
180,993
180,994
181,995
181,996
181,997
182,998
182,999
182,1000
182,1001
183,1002
184,1003
184,1004
184,1005
185,1006
185,1007
185,1008
186,1009
186,1010
186,1011
186,1012
186,1013
186,1014
187,1015
187,1016
187,1017
187,1018
187,1019
187,1020
187,1021
187,1022
187,1023
188,1024
188,1025
188,1026
188,1027
188,1028
189,1029
189,1030
190,1031
190,1032
190,1033
190,1034
190,1035
190,1036
190,1037
190,1038
190,1039
190,1040
191,1041
191,1042
191,1043
191,1044
191,1045
191,1046
191,1047
191,1048
192,1049
192,1050
192,1051
193,1052
194,1053
194,1054
194,1055
194,1056
194,1057
194,1058
194,1059
194,1060
195,1061
195,1062
195,1063
195,1064
195,1065
195,1066
195,1067
196,1068
196,1069
196,1070
196,1071
196,1072
196,1073
196,1074
196,1075
196,1076
196,1077
197,1078
197,1079
197,1080
197,1081
197,1082
197,1083
197,1084
197,1085
197,1086
198,1087
198,1088
198,1089
198,1090
198,1091
199,1092
199,1093
199,1094
199,1095
199,1096
199,1097
200,1098
200,1099
200,1100
200,1101
200,1102
200,1103
200,1104
201,1105
201,1106
201,1107
201,1108
201,1109
202,1110
202,1111
202,1112
203,1113
203,1114
203,1115
203,1116
203,1117
203,1118
203,1119
203,1120
203,1121
204,1122
205,1123
205,1124
205,1125
205,1126
205,1127
205,1128
205,1129
205,1130
206,1131
206,1132
207,1133
207,1134
207,1135
207,1136
207,1137
207,1138
208,1139
209,1140
209,1141
209,1142
209,1143
209,1144
209,1145
209,1146
209,1147
209,1148
210,1149
210,1150
210,1151
210,1152
210,1153
211,1154
211,1155
211,1156
212,1157
212,1158
212,1159
212,1160
213,1161
213,1162
213,1163
213,1164
213,1165
213,1166
213,1167
213,1168
214,1169
214,1170
214,1171
214,1172
214,1173
214,1174
215,1175
215,1176
215,1177
215,1178
215,1179
215,1180
215,1181
215,1182
215,1183
215,1184
216,1185
216,1186
216,1187
216,1188
216,1189
217,1190
217,1191
217,1192
217,1193
217,1194
217,1195
218,1196
218,1197
218,1198
218,1199
218,1200
218,1201
218,1202
218,1203
218,1204
218,1205
219,1206
219,1207
219,1208
219,1209
219,1210
219,1211
219,1212
219,1213
219,1214
219,1215
220,1216
220,1217
220,1218
221,1219
221,1220
221,1221
221,1222
221,1223
222,1224
222,1225
222,1226
222,1227
222,1228
222,1229
222,1230
223,1231
223,1232
223,1233
223,1234
223,1235
223,1236
223,1237
224,1238
224,1239
225,1240
226,1241
226,1242
226,1243
226,1244
226,1245
226,1246
226,1247
226,1248
226,1249
226,1250
227,1251
227,1252
227,1253
227,1254
228,1255
228,1256
228,1257
228,1258
228,1259
228,1260
229,1261
229,1262
229,1263
230,1264
230,1265
230,1266
230,1267
231,1268
231,1269
231,1270
231,1271
232,1272
232,1273
232,1274
232,1275
232,1276
232,1277
232,1278
232,1279
233,1280
233,1281
233,1282
233,1283
233,1284
233,1285
233,1286
234,1287
234,1288
234,1289
234,1290
234,1291
234,1292
234,1293
234,1294
234,1295
234,1296
235,1297
235,1298
235,1299
235,1300
235,1301
235,1302
235,1303
236,1304
237,1305
237,1306
237,1307
237,1308
237,1309
237,1310
237,1311
238,1312
238,1313
238,1314
238,1315
238,1316
238,1317
238,1318
238,1319
238,1320
238,1321
239,1322
239,1323
239,1324
239,1325
239,1326
239,1327
239,1328
240,1329
241,1330
241,1331
241,1332
242,1333
242,1334
242,1335
242,1336
242,1337
242,1338
242,1339
242,1340
243,1341
243,1342
244,1343
244,1344
244,1345
244,1346
244,1347
245,1348
245,1349
245,1350
246,1351
246,1352
246,1353
246,1354
246,1355
246,1356
246,1357
246,1358
247,1359
247,1360
247,1361
247,1362
247,1363
247,1364
247,1365
247,1366
247,1367
248,1368
248,1369
248,1370
248,1371
248,1372
248,1373
248,1374
248,1375
249,1376
249,1377
249,1378
249,1379
249,1380
249,1381
249,1382
249,1383
249,1384
250,1385
250,1386
250,1387
250,1388
250,1389
250,1390
250,1391
250,1392
250,1393
250,1394
251,1395
252,1396
253,1397
253,1398
253,1399
253,1400
253,1401
253,1402
253,1403
253,1404
254,1405
254,1406
254,1407
254,1408
254,1409
254,1410
255,1411
255,1412
255,1413
255,1414
255,1415
256,1416
256,1417
256,1418
256,1419
256,1420
256,1421
256,1422
256,1423
257,1424
258,1425
258,1426
258,1427
258,1428
258,1429
258,1430
258,1431
259,1432
259,1433
259,1434
259,1435
260,1436
260,1437
260,1438
260,1439
260,1440
260,1441
260,1442
260,1443
260,1444
261,1445
261,1446
262,1447
262,1448
262,1449
263,1450
264,1451
264,1452
264,1453
264,1454
264,1455
264,1456
264,1457
265,1458
265,1459
265,1460
265,1461
265,1462
265,1463
265,1464
266,1465
266,1466
266,1467
266,1468
266,1469
266,1470
267,1471
268,1472
268,1473
268,1474
268,1475
269,1476
270,1477
271,1478
271,1479
271,1480
271,1481
271,1482
271,1483
271,1484
271,1485
271,1486
272,1487
272,1488
272,1489
272,1490
272,1491
272,1492
272,1493
272,1494
272,1495
272,1496
273,1497
273,1498
274,1499
274,1500
274,1501
274,1502
275,1503
275,1504
276,1505
276,1506
276,1507
276,1508
276,1509
276,1510
276,1511
276,1512
276,1513
276,1514
277,1515
277,1516
277,1517
277,1518
278,1519
278,1520
278,1521
278,1522
278,1523
279,1524
279,1525
279,1526
279,1527
279,1528
280,1529
280,1530
280,1531
281,1532
281,1533
282,1534
282,1535
282,1536
282,1537
282,1538
282,1539
282,1540
282,1541
283,1542
283,1543
283,1544
283,1545
283,1546
283,1547
283,1548
284,1549
284,1550
285,1551
286,1552
286,1553
286,1554
286,1555
286,1556
287,1557
287,1558
287,1559
287,1560
287,1561
287,1562
287,1563
287,1564
288,1565
288,1566
289,1567
289,1568
289,1569
289,1570
289,1571
290,1572
290,1573
290,1574
291,1575
291,1576
291,1577
291,1578
291,1579
291,1580
291,1581
291,1582
291,1583
292,1584
292,1585
292,1586
292,1587
292,1588
292,1589
293,1590
293,1591
294,1592
294,1593
294,1594
295,1595
295,1596
295,1597
295,1598
295,1599
296,1600
297,1601
298,1602
299,1603
299,1604
299,1605
299,1606
300,1607
300,1608
300,1609
300,1610
300,1611
301,1612
301,1613
301,1614
301,1615
301,1616
301,1617
301,1618
301,1619
301,1620
302,1621
302,1622
302,1623
302,1624
302,1625
302,1626
303,1627
303,1628
303,1629
303,1630
303,1631
303,1632
304,1633
304,1634
304,1635
304,1636
304,1637
304,1638
304,1639
304,1640
304,1641
304,1642
305,1643
306,1644
306,1645
306,1646
306,1647
306,1648
306,1649
306,1650
306,1651
306,1652
306,1653
307,1654
307,1655
307,1656
307,1657
307,1658
307,1659
307,1660
307,1661
308,1662
308,1663
308,1664
308,1665
308,1666
308,1667
308,1668
308,1669
309,1670
309,1671
309,1672
309,1673
309,1674
309,1675
309,1676
310,1677
310,1678
310,1679
310,1680
310,1681
310,1682
311,1683
311,1684
311,1685
311,1686
311,1687
311,1688
311,1689
311,1690
311,1691
312,1692
312,1693
312,1694
313,1695
313,1696
313,1697
313,1698
314,1699
314,1700
314,1701
314,1702
314,1703
314,1704
314,1705
315,1706
315,1707
315,1708
315,1709
315,1710
315,1711
315,1712
315,1713
315,1714
315,1715
316,1716
316,1717
316,1718
316,1719
316,1720
317,1721
318,1722
318,1723
318,1724
319,1725
319,1726
319,1727
320,1728
320,1729
320,1730
320,1731
320,1732
321,1733
321,1734
321,1735
321,1736
321,1737
321,1738
322,1739
322,1740
322,1741
322,1742
322,1743
322,1744
323,1745
323,1746
323,1747
323,1748
323,1749
323,1750
324,1751
324,1752
325,1753
325,1754
325,1755
325,1756
325,1757
325,1758
326,1759
326,1760
326,1761
326,1762
326,1763
326,1764
326,1765
326,1766
326,1767
326,1768
327,1769
328,1770
329,1771
329,1772
329,1773
329,1774
329,1775
330,1776
330,1777
330,1778
331,1779
331,1780
331,1781
332,1782
332,1783
332,1784
332,1785
332,1786
332,1787
332,1788
332,1789
332,1790
332,1791
333,1792
333,1793
333,1794
333,1795
333,1796
334,1797
334,1798
334,1799
334,1800
334,1801
334,1802
335,1803
335,1804
335,1805
335,1806
335,1807
335,1808
335,1809
336,1810
336,1811
336,1812
336,1813
336,1814
336,1815
336,1816
336,1817
336,1818
337,1819
337,1820
337,1821
338,1822
338,1823
338,1824
338,1825
338,1826
339,1827
339,1828
340,1829
340,1830
340,1831
340,1832
340,1833
340,1834
340,1835
340,1836
341,1837
341,1838
341,1839
341,1840
342,1841
343,1842
343,1843
343,1844
343,1845
343,1846
344,1847
344,1848
344,1849
345,1850
345,1851
345,1852
345,1853
345,1854
345,1855
345,1856
345,1857
345,1858
346,1859
346,1860
347,1861
347,1862
347,1863
347,1864
347,1865
348,1866
348,1867
348,1868
348,1869
348,1870
348,1871
348,1872
349,1873
349,1874
349,1875
349,1876
349,1877
349,1878
350,1879
350,1880
350,1881
350,1882
350,1883
351,1884
351,1885
351,1886
351,1887
351,1888
351,1889
351,1890
352,1891
352,1892
353,1893
353,1894
354,1895
354,1896
354,1897
354,1898
354,1899
354,1900
354,1901
354,1902
354,1903
355,1904
355,1905
355,1906
355,1907
355,1908
355,1909
355,1910
355,1911
356,1912
356,1913
356,1914
356,1915
356,1916
356,1917
356,1918
356,1919
357,1920
357,1921
357,1922
357,1923
357,1924
357,1925
358,1926
358,1927
358,1928
358,1929
358,1930
358,1931
359,1932
359,1933
360,1934
360,1935
360,1936
360,1937
360,1938
360,1939
360,1940
360,1941
361,1942
361,1943
362,1944
362,1945
362,1946
362,1947
362,1948
362,1949
362,1950
362,1951
363,1952
363,1953
363,1954
363,1955
363,1956
363,1957
363,1958
364,1959
365,1960
365,1961
365,1962
365,1963
365,1964
366,1965
366,1966
366,1967
366,1968
366,1969
366,1970
367,1971
367,1972
367,1973
368,1974
368,1975
368,1976
369,1977
369,1978
369,1979
369,1980
369,1981
369,1982
369,1983
369,1984
369,1985
369,1986
370,1987
370,1988
370,1989
370,1990
370,1991
370,1992
370,1993
371,1994
371,1995
372,1996
372,1997
373,1998
373,1999
374,2000
374,2001
374,2002
374,2003
375,2004
375,2005
375,2006
375,2007
376,2008
377,2009
377,2010
377,2011
377,2012
377,2013
377,2014
377,2015
378,2016
379,2017
379,2018
380,2019
380,2020
380,2021
380,2022
380,2023
380,2024
380,2025
381,2026
381,2027
381,2028
381,2029
381,2030
381,2031
381,2032
381,2033
381,2034
382,2035
382,2036
382,2037
382,2038
382,2039
382,2040
382,2041
382,2042
382,2043
383,2044
383,2045
383,2046
383,2047
383,2048
384,2049
384,2050
384,2051
384,2052
384,2053
384,2054
384,2055
384,2056
385,2057
385,2058
385,2059
385,2060
385,2061
385,2062
385,2063
385,2064
386,2065
386,2066
386,2067
386,2068
386,2069
386,2070
386,2071
386,2072
386,2073
386,2074
387,2075
387,2076
387,2077
387,2078
388,2079
388,2080
388,2081
388,2082
388,2083
388,2084
388,2085
389,2086
389,2087
390,2088
390,2089
390,2090
390,2091
390,2092
390,2093
391,2094
391,2095
391,2096
391,2097
392,2098
392,2099
392,2100
392,2101
392,2102
393,2103
393,2104
393,2105
393,2106
393,2107
393,2108
393,2109
393,2110
393,2111
393,2112
394,2113
394,2114
394,2115
395,2116
395,2117
395,2118
395,2119
395,2120
395,2121
395,2122
396,2123
396,2124
396,2125
396,2126
397,2127
397,2128
397,2129
397,2130
397,2131
397,2132
398,2133
398,2134
399,2135
399,2136
400,2137
401,2138
401,2139
401,2140
401,2141
401,2142
401,2143
401,2144
401,2145
401,2146
402,2147
402,2148
402,2149
402,2150
402,2151
402,2152
402,2153
402,2154
403,2155
403,2156
403,2157
403,2158
404,2159
404,2160
405,2161
405,2162
405,2163
405,2164
405,2165
405,2166
405,2167
405,2168
406,2169
406,2170
406,2171
406,2172
406,2173
406,2174
406,2175
407,2176
407,2177
407,2178
407,2179
407,2180
408,2181
408,2182
408,2183
408,2184
409,2185
410,2186
410,2187
410,2188
410,2189
411,2190
411,2191
411,2192
411,2193
411,2194
411,2195
411,2196
411,2197
411,2198
411,2199
412,2200
412,2201
412,2202
413,2203
413,2204
414,2205
414,2206
414,2207
414,2208
415,2209
415,2210
415,2211
415,2212
415,2213
415,2214
415,2215
415,2216
416,2217
416,2218
416,2219
416,2220
416,2221
416,2222
416,2223
417,2224
417,2225
417,2226
417,2227
417,2228
417,2229
418,2230
418,2231
418,2232
418,2233
418,2234
418,2235
418,2236
418,2237
418,2238
419,2239
419,2240
419,2241
420,2242
420,2243
421,2244
421,2245
421,2246
421,2247
421,2248
421,2249
421,2250
421,2251
421,2252
421,2253
422,2254
422,2255
422,2256
422,2257
422,2258
422,2259
422,2260
422,2261
423,2262
423,2263
423,2264
424,2265
424,2266
424,2267
424,2268
424,2269
424,2270
424,2271
424,2272
424,2273
424,2274
425,2275
425,2276
425,2277
425,2278
425,2279
425,2280
425,2281
426,2282
426,2283
426,2284
426,2285
426,2286
426,2287
426,2288
427,2289
427,2290
427,2291
427,2292
427,2293
427,2294
427,2295
427,2296
427,2297
428,2298
428,2299
428,2300
428,2301
428,2302
428,2303
428,2304
428,2305
429,2306
429,2307
429,2308
429,2309
429,2310
429,2311
430,2312
430,2313
430,2314
430,2315
430,2316
430,2317
430,2318
430,2319
431,2320
431,2321
431,2322
431,2323
431,2324
431,2325
431,2326
431,2327
432,2328
432,2329
432,2330
432,2331
433,2332
433,2333
433,2334
433,2335
433,2336
433,2337
433,2338
433,2339
433,2340
434,2341
434,2342
434,2343
434,2344
434,2345
434,2346
434,2347
434,2348
434,2349
434,2350
435,2351
435,2352
435,2353
435,2354
436,2355
437,2356
437,2357
437,2358
437,2359
437,2360
437,2361
438,2362
438,2363
438,2364
438,2365
438,2366
438,2367
439,2368
439,2369
439,2370
439,2371
439,2372
439,2373
440,2374
441,2375
441,2376
441,2377
441,2378
441,2379
441,2380
441,2381
441,2382
441,2383
442,2384
442,2385
442,2386
443,2387
443,2388
443,2389
443,2390
443,2391
444,2392
444,2393
444,2394
444,2395
444,2396
444,2397
444,2398
444,2399
444,2400
444,2401
445,2402
445,2403
445,2404
446,2405
446,2406
446,2407
446,2408
446,2409
446,2410
446,2411
447,2412
447,2413
447,2414
447,2415
447,2416
447,2417
447,2418
447,2419
447,2420
447,2421
448,2422
448,2423
448,2424
448,2425
448,2426
449,2427
449,2428
449,2429
449,2430
449,2431
449,2432
449,2433
449,2434
450,2435
450,2436
451,2437
451,2438
452,2439
452,2440
452,2441
452,2442
452,2443
452,2444
452,2445
452,2446
452,2447
453,2448
454,2449
454,2450
455,2451
455,2452
455,2453
455,2454
456,2455
456,2456
456,2457
457,2458
458,2459
458,2460
458,2461
458,2462
458,2463
459,2464
460,2465
460,2466
460,2467
460,2468
460,2469
460,2470
460,2471
460,2472
461,2473
461,2474
461,2475
461,2476
461,2477
461,2478
462,2479
462,2480
462,2481
463,2482
463,2483
463,2484
464,2485
464,2486
464,2487
464,2488
464,2489
464,2490
464,2491
464,2492
465,2493
465,2494
465,2495
465,2496
465,2497
465,2498
466,2499
466,2500
466,2501
466,2502
466,2503
466,2504
466,2505
466,2506
466,2507
467,2508
467,2509
467,2510
467,2511
467,2512
467,2513
467,2514
468,2515
468,2516
468,2517
468,2518
468,2519
468,2520
468,2521
468,2522
468,2523
469,2524
469,2525
469,2526
469,2527
469,2528
469,2529
469,2530
469,2531
469,2532
470,2533
471,2534
471,2535
471,2536
471,2537
471,2538
471,2539
471,2540
471,2541
471,2542
471,2543
472,2544
472,2545
473,2546
473,2547
473,2548
473,2549
473,2550
473,2551
473,2552
473,2553
473,2554
474,2555
474,2556
474,2557
474,2558
474,2559
474,2560
474,2561
474,2562
474,2563
474,2564
475,2565
475,2566
476,2567
476,2568
476,2569
476,2570
476,2571
476,2572
476,2573
477,2574
477,2575
477,2576
477,2577
478,2578
478,2579
478,2580
478,2581
478,2582
479,2583
479,2584
479,2585
479,2586
479,2587
479,2588
479,2589
479,2590
479,2591
480,2592
480,2593
480,2594
480,2595
480,2596
480,2597
480,2598
480,2599
480,2600
480,2601
481,2602
481,2603
481,2604
481,2605
481,2606
481,2607
481,2608
482,2609
482,2610
482,2611
482,2612
482,2613
482,2614
482,2615
482,2616
483,2617
483,2618
483,2619
483,2620
483,2621
483,2622
483,2623
484,2624
484,2625
484,2626
484,2627
484,2628
484,2629
484,2630
484,2631
484,2632
484,2633
485,2634
485,2635
485,2636
485,2637
485,2638
485,2639
485,2640
485,2641
485,2642
485,2643
486,2644
486,2645
486,2646
486,2647
487,2648
488,2649
489,2650
489,2651
489,2652
490,2653
490,2654
490,2655
490,2656
490,2657
491,2658
491,2659
491,2660
491,2661
491,2662
491,2663
491,2664
491,2665
491,2666
492,2667
492,2668
492,2669
492,2670
492,2671
492,2672
492,2673
492,2674
492,2675
492,2676
493,2677
493,2678
493,2679
493,2680
493,2681
494,2682
494,2683
494,2684
494,2685
494,2686
494,2687
495,2688
495,2689
496,2690
496,2691
496,2692
496,2693
496,2694
496,2695
496,2696
496,2697
497,2698
497,2699
497,2700
497,2701
497,2702
498,2703
498,2704
498,2705
498,2706
498,2707
499,2708
499,2709
499,2710
499,2711
499,2712
499,2713
499,2714
500,2715
500,2716
500,2717
500,2718
500,2719
500,2720
500,2721
501,2722
501,2723
501,2724
501,2725
501,2726
501,2727
501,2728
502,2729
503,2730
503,2731
503,2732
504,2733
504,2734
504,2735
505,2736
505,2737
505,2738
505,2739
506,2740
506,2741
506,2742
506,2743
506,2744
507,2745
507,2746
507,2747
507,2748
507,2749
507,2750
508,2751
509,2752
510,2753
510,2754
510,2755
510,2756
510,2757
510,2758
510,2759
510,2760
511,2761
511,2762
511,2763
511,2764
511,2765
511,2766
511,2767
512,2768
512,2769
512,2770
513,2771
513,2772
513,2773
513,2774
513,2775
513,2776
513,2777
513,2778
514,2779
514,2780
514,2781
514,2782
514,2783
514,2784
514,2785
514,2786
514,2787
514,2788
515,2789
515,2790
516,2791
516,2792
516,2793
517,2794
517,2795
517,2796
517,2797
517,2798
517,2799
518,2800
518,2801
518,2802
518,2803
518,2804
518,2805
518,2806
519,2807
520,2808
520,2809
520,2810
520,2811
520,2812
520,2813
520,2814
520,2815
520,2816
520,2817
521,2818
521,2819
521,2820
521,2821
521,2822
521,2823
521,2824
521,2825
522,2826
522,2827
522,2828
522,2829
522,2830
522,2831
522,2832
523,2833
523,2834
523,2835
523,2836
523,2837
523,2838
523,2839
523,2840
524,2841
525,2842
525,2843
526,2844
526,2845
526,2846
526,2847
526,2848
526,2849
526,2850
526,2851
527,2852
527,2853
527,2854
528,2855
529,2856
530,2857
530,2858
530,2859
530,2860
530,2861
530,2862
530,2863
530,2864
530,2865
530,2866
531,2867
531,2868
531,2869
531,2870
531,2871
531,2872
531,2873
531,2874
531,2875
531,2876
532,2877
532,2878
532,2879
533,2880
533,2881
533,2882
533,2883
533,2884
533,2885
534,2886
534,2887
535,2888
535,2889
535,2890
535,2891
535,2892
535,2893
535,2894
535,2895
535,2896
536,2897
536,2898
536,2899
536,2900
536,2901
536,2902
537,2903
537,2904
537,2905
537,2906
538,2907
538,2908
538,2909
538,2910
538,2911
538,2912
538,2913
539,2914
539,2915
539,2916
539,2917
539,2918
539,2919
539,2920
539,2921
540,2922
540,2923
541,2924
542,2925
542,2926
542,2927
542,2928
542,2929
542,2930
542,2931
542,2932
542,2933
542,2934
543,2935
543,2936
543,2937
543,2938
543,2939
543,2940
543,2941
543,2942
544,2943
544,2944
544,2945
544,2946
544,2947
544,2948
544,2949
544,2950
544,2951
544,2952
545,2953
545,2954
545,2955
545,2956
545,2957
545,2958
546,2959
546,2960
547,2961
547,2962
547,2963
547,2964
547,2965
547,2966
547,2967
547,2968
547,2969
547,2970
548,2971
548,2972
548,2973
548,2974
548,2975
549,2976
549,2977
549,2978
550,2979
550,2980
550,2981
550,2982
550,2983
550,2984
550,2985
551,2986
551,2987
551,2988
551,2989
551,2990
552,2991
552,2992
553,2993
553,2994
553,2995
553,2996
553,2997
553,2998
553,2999
553,3000
553,3001
554,3002
554,3003
554,3004
554,3005
555,3006
556,3007
556,3008
556,3009
556,3010
556,3011
556,3012
556,3013
557,3014
557,3015
557,3016
557,3017
557,3018
557,3019
557,3020
557,3021
558,3022
558,3023
558,3024
558,3025
558,3026
558,3027
559,3028
559,3029
559,3030
559,3031
560,3032
560,3033
560,3034
560,3035
560,3036
560,3037
560,3038
560,3039
561,3040
561,3041
561,3042
561,3043
561,3044
561,3045
562,3046
562,3047
563,3048
564,3049
565,3050
565,3051
565,3052
565,3053
565,3054
565,3055
565,3056
565,3057
566,3058
566,3059
566,3060
566,3061
566,3062
567,3063
568,3064
568,3065
568,3066
568,3067
568,3068
568,3069
568,3070
568,3071
568,3072
569,3073
569,3074
569,3075
569,3076
569,3077
569,3078
569,3079
569,3080
569,3081
569,3082
570,3083
570,3084
570,3085
570,3086
570,3087
570,3088
570,3089
570,3090
570,3091
570,3092
571,3093
571,3094
571,3095
571,3096
572,3097
572,3098
572,3099
572,3100
573,3101
573,3102
574,3103
574,3104
574,3105
574,3106
574,3107
574,3108
574,3109
574,3110
574,3111
575,3112
575,3113
575,3114
575,3115
575,3116
575,3117
575,3118
575,3119
575,3120
576,3121
576,3122
576,3123
576,3124
576,3125
576,3126
576,3127
577,3128
577,3129
577,3130
577,3131
577,3132
577,3133
577,3134
577,3135
577,3136
578,3137
578,3138
578,3139
578,3140
578,3141
579,3142
579,3143
580,3144
580,3145
580,3146
581,3147
581,3148
581,3149
581,3150
581,3151
581,3152
581,3153
582,3154
582,3155
582,3156
582,3157
582,3158
582,3159
582,3160
582,3161
582,3162
582,3163
583,3164
583,3165
583,3166
583,3167
583,3168
583,3169
583,3170
584,3171
584,3172
585,3173
585,3174
586,3175
586,3176
586,3177
586,3178
586,3179
586,3180
586,3181
587,3182
587,3183
588,3184
588,3185
589,3186
589,3187
589,3188
589,3189
589,3190
589,3191
589,3192
590,3193
590,3194
590,3195
591,3196
592,3197
592,3198
592,3199
592,3200
592,3201
592,3202
592,3203
592,3204
593,3205
593,3206
593,3207
593,3208
593,3209
593,3210
593,3211
594,3212
594,3213
594,3214
594,3215
594,3216
594,3217
594,3218
595,3219
596,3220
596,3221
596,3222
596,3223
596,3224
596,3225
596,3226
596,3227
597,3228
597,3229
597,3230
597,3231
597,3232
597,3233
598,3234
598,3235
598,3236
598,3237
598,3238
599,3239
599,3240
600,3241
600,3242
600,3243
600,3244
600,3245
600,3246
601,3247
601,3248
602,3249
602,3250
603,3251
603,3252
603,3253
603,3254
603,3255
603,3256
604,3257
605,3258
605,3259
605,3260
605,3261
605,3262
605,3263
606,3264
606,3265
606,3266
606,3267
606,3268
606,3269
607,3270
607,3271
607,3272
608,3273
609,3274
609,3275
609,3276
609,3277
610,3278
610,3279
610,3280
610,3281
610,3282
610,3283
611,3284
611,3285
612,3286
612,3287
612,3288
612,3289
612,3290
612,3291
612,3292
612,3293
612,3294
612,3295
613,3296
613,3297
613,3298
614,3299
614,3300
614,3301
614,3302
615,3303
616,3304
616,3305
616,3306
616,3307
617,3308
617,3309
618,3310
619,3311
619,3312
619,3313
619,3314
619,3315
620,3316
620,3317
620,3318
620,3319
620,3320
620,3321
621,3322
622,3323
622,3324
622,3325
622,3326
622,3327
622,3328
622,3329
622,3330
622,3331
622,3332
623,3333
623,3334
623,3335
623,3336
624,3337
624,3338
624,3339
625,3340
625,3341
625,3342
626,3343
626,3344
626,3345
626,3346
626,3347
626,3348
626,3349
626,3350
627,3351
627,3352
628,3353
628,3354
628,3355
628,3356
628,3357
628,3358
628,3359
628,3360
629,3361
629,3362
629,3363
629,3364
629,3365
629,3366
630,3367
630,3368
630,3369
630,3370
630,3371
631,3372
631,3373
631,3374
632,3375
633,3376
633,3377
633,3378
633,3379
634,3380
634,3381
634,3382
634,3383
634,3384
634,3385
635,3386
635,3387
635,3388
635,3389
635,3390
635,3391
636,3392
636,3393
636,3394
636,3395
636,3396
636,3397
636,3398
636,3399
637,3400
637,3401
637,3402
637,3403
637,3404
638,3405
638,3406
638,3407
638,3408
638,3409
639,3410
639,3411
639,3412
639,3413
639,3414
639,3415
639,3416
639,3417
639,3418
640,3419
640,3420
640,3421
640,3422
640,3423
640,3424
641,3425
641,3426
641,3427
642,3428
642,3429
642,3430
642,3431
642,3432
642,3433
642,3434
642,3435
642,3436
642,3437
643,3438
643,3439
644,3440
644,3441
645,3442
645,3443
645,3444
645,3445
645,3446
645,3447
645,3448
645,3449
645,3450
646,3451
646,3452
646,3453
646,3454
646,3455
646,3456
646,3457
646,3458
646,3459
646,3460
647,3461
647,3462
647,3463
647,3464
647,3465
648,3466
648,3467
648,3468
649,3469
649,3470
649,3471
649,3472
649,3473
649,3474
649,3475
650,3476
650,3477
650,3478
651,3479
651,3480
651,3481
652,3482
652,3483
652,3484
652,3485
653,3486
653,3487
653,3488
653,3489
653,3490
653,3491
654,3492
654,3493
654,3494
654,3495
654,3496
654,3497
654,3498
654,3499
654,3500
655,3501
655,3502
655,3503
655,3504
656,3505
656,3506
656,3507
656,3508
657,3509
657,3510
657,3511
658,3512
658,3513
658,3514
658,3515
658,3516
659,3517
659,3518
659,3519
659,3520
659,3521
659,3522
660,3523
660,3524
660,3525
660,3526
660,3527
660,3528
660,3529
661,3530
662,3531
662,3532
662,3533
663,3534
663,3535
663,3536
663,3537
663,3538
663,3539
663,3540
663,3541
663,3542
663,3543
664,3544
665,3545
665,3546
665,3547
665,3548
665,3549
665,3550
665,3551
666,3552
666,3553
667,3554
667,3555
668,3556
668,3557
668,3558
669,3559
669,3560
669,3561
669,3562
669,3563
669,3564
669,3565
670,3566
670,3567
670,3568
670,3569
670,3570
671,3571
671,3572
671,3573
671,3574
671,3575
671,3576
671,3577
671,3578
671,3579
672,3580
672,3581
672,3582
672,3583
672,3584
672,3585
672,3586
673,3587
673,3588
673,3589
674,3590
674,3591
674,3592
674,3593
674,3594
674,3595
674,3596
674,3597
674,3598
674,3599
675,3600
675,3601
675,3602
675,3603
675,3604
675,3605
675,3606
676,3607
676,3608
676,3609
676,3610
676,3611
677,3612
677,3613
677,3614
677,3615
677,3616
677,3617
678,3618
678,3619
679,3620
679,3621
679,3622
679,3623
680,3624
680,3625
680,3626
680,3627
680,3628
680,3629
680,3630
680,3631
681,3632
681,3633
681,3634
681,3635
681,3636
681,3637
682,3638
682,3639
682,3640
682,3641
682,3642
682,3643
682,3644
682,3645
682,3646
683,3647
684,3648
684,3649
684,3650
684,3651
684,3652
684,3653
684,3654
685,3655
685,3656
685,3657
685,3658
685,3659
685,3660
685,3661
686,3662
687,3663
687,3664
687,3665
687,3666
687,3667
687,3668
687,3669
688,3670
688,3671
688,3672
688,3673
688,3674
688,3675
689,3676
689,3677
689,3678
689,3679
689,3680
689,3681
689,3682
689,3683
690,3684
690,3685
690,3686
690,3687
691,3688
691,3689
691,3690
691,3691
691,3692
691,3693
692,3694
692,3695
692,3696
692,3697
692,3698
693,3699
693,3700
693,3701
693,3702
693,3703
693,3704
693,3705
693,3706
694,3707
694,3708
695,3709
695,3710
695,3711
696,3712
696,3713
697,3714
697,3715
697,3716
697,3717
697,3718
698,3719
698,3720
699,3721
699,3722
699,3723
699,3724
699,3725
699,3726
699,3727
699,3728
699,3729
700,3730
700,3731
700,3732
700,3733
700,3734
700,3735
700,3736
700,3737
700,3738
700,3739
701,3740
701,3741
701,3742
702,3743
702,3744
702,3745
702,3746
702,3747
702,3748
702,3749
702,3750
703,3751
703,3752
703,3753
703,3754
703,3755
703,3756
703,3757
704,3758
704,3759
704,3760
705,3761
705,3762
705,3763
705,3764
705,3765
705,3766
705,3767
706,3768
706,3769
706,3770
706,3771
706,3772
706,3773
706,3774
707,3775
707,3776
707,3777
708,3778
708,3779
708,3780
708,3781
709,3782
709,3783
709,3784
709,3785
709,3786
709,3787
709,3788
709,3789
710,3790
710,3791
710,3792
710,3793
710,3794
710,3795
711,3796
711,3797
711,3798
711,3799
711,3800
711,3801
711,3802
711,3803
711,3804
712,3805
712,3806
712,3807
713,3808
713,3809
713,3810
713,3811
713,3812
713,3813
714,3814
714,3815
714,3816
714,3817
714,3818
714,3819
714,3820
714,3821
715,3822
715,3823
716,3824
716,3825
716,3826
716,3827
716,3828
716,3829
716,3830
716,3831
717,3832
717,3833
717,3834
717,3835
718,3836
718,3837
718,3838
718,3839
718,3840
719,3841
720,3842
720,3843
720,3844
720,3845
720,3846
720,3847
720,3848
720,3849
721,3850
721,3851
721,3852
721,3853
721,3854
721,3855
721,3856
721,3857
721,3858
721,3859
722,3860
722,3861
722,3862
722,3863
722,3864
722,3865
722,3866
722,3867
723,3868
724,3869
724,3870
724,3871
724,3872
725,3873
725,3874
725,3875
725,3876
725,3877
726,3878
726,3879
727,3880
727,3881
727,3882
727,3883
727,3884
728,3885
728,3886
728,3887
728,3888
728,3889
728,3890
728,3891
728,3892
728,3893
729,3894
729,3895
729,3896
729,3897
729,3898
729,3899
729,3900
729,3901
729,3902
729,3903
730,3904
730,3905
730,3906
731,3907
731,3908
731,3909
731,3910
731,3911
731,3912
731,3913
732,3914
732,3915
732,3916
732,3917
732,3918
732,3919
732,3920
732,3921
733,3922
733,3923
734,3924
734,3925
734,3926
734,3927
734,3928
734,3929
734,3930
734,3931
735,3932
735,3933
735,3934
735,3935
736,3936
736,3937
736,3938
736,3939
736,3940
736,3941
736,3942
736,3943
736,3944
737,3945
737,3946
737,3947
737,3948
737,3949
737,3950
737,3951
738,3952
738,3953
738,3954
738,3955
738,3956
739,3957
740,3958
740,3959
741,3960
741,3961
741,3962
741,3963
741,3964
742,3965
743,3966
744,3967
744,3968
744,3969
744,3970
744,3971
745,3972
745,3973
745,3974
745,3975
745,3976
745,3977
745,3978
746,3979
746,3980
746,3981
746,3982
746,3983
746,3984
746,3985
746,3986
746,3987
747,3988
747,3989
747,3990
747,3991
747,3992
747,3993
747,3994
747,3995
747,3996
747,3997
748,3998
748,3999
748,4000
748,4001
748,4002
748,4003
748,4004
749,4005
749,4006
749,4007
749,4008
749,4009
749,4010
749,4011
749,4012
750,4013
750,4014
751,4015
751,4016
751,4017
751,4018
751,4019
752,4020
752,4021
752,4022
752,4023
752,4024
752,4025
753,4026
753,4027
753,4028
753,4029
753,4030
754,4031
754,4032
754,4033
754,4034
755,4035
755,4036
755,4037
755,4038
755,4039
755,4040
755,4041
755,4042
755,4043
755,4044
756,4045
756,4046
757,4047
758,4048
758,4049
759,4050
759,4051
759,4052
759,4053
759,4054
760,4055
760,4056
760,4057
760,4058
760,4059
761,4060
761,4061
761,4062
761,4063
761,4064
761,4065
761,4066
761,4067
761,4068
762,4069
762,4070
762,4071
762,4072
762,4073
762,4074
763,4075
763,4076
764,4077
764,4078
764,4079
764,4080
764,4081
764,4082
764,4083
764,4084
764,4085
765,4086
765,4087
765,4088
765,4089
766,4090
766,4091
766,4092
767,4093
767,4094
768,4095
768,4096
768,4097
768,4098
768,4099
768,4100
768,4101
769,4102
769,4103
769,4104
769,4105
769,4106
770,4107
770,4108
770,4109
770,4110
770,4111
771,4112
771,4113
771,4114
771,4115
771,4116
771,4117
771,4118
771,4119
771,4120
772,4121
772,4122
772,4123
773,4124
773,4125
773,4126
773,4127
773,4128
773,4129
773,4130
773,4131
773,4132
773,4133
774,4134
774,4135
774,4136
774,4137
774,4138
774,4139
774,4140
774,4141
774,4142
775,4143
775,4144
775,4145
775,4146
776,4147
776,4148
776,4149
776,4150
776,4151
776,4152
776,4153
776,4154
776,4155
777,4156
777,4157
778,4158
778,4159
778,4160
778,4161
778,4162
778,4163
778,4164
779,4165
779,4166
779,4167
779,4168
779,4169
779,4170
779,4171
779,4172
779,4173
780,4174
780,4175
780,4176
780,4177
780,4178
780,4179
780,4180
781,4181
781,4182
781,4183
781,4184
781,4185
782,4186
782,4187
782,4188
782,4189
782,4190
783,4191
783,4192
783,4193
783,4194
783,4195
783,4196
783,4197
783,4198
784,4199
784,4200
784,4201
784,4202
784,4203
784,4204
785,4205
785,4206
785,4207
785,4208
785,4209
785,4210
785,4211
785,4212
785,4213
785,4214
786,4215
786,4216
786,4217
787,4218
787,4219
787,4220
788,4221
788,4222
789,4223
789,4224
790,4225
790,4226
790,4227
790,4228
790,4229
790,4230
790,4231
791,4232
791,4233
791,4234
791,4235
791,4236
791,4237
791,4238
792,4239
792,4240
792,4241
792,4242
792,4243
792,4244
792,4245
792,4246
792,4247
792,4248
793,4249
793,4250
793,4251
793,4252
793,4253
793,4254
793,4255
793,4256
794,4257
794,4258
794,4259
795,4260
795,4261
795,4262
795,4263
795,4264
795,4265
795,4266
795,4267
795,4268
796,4269
796,4270
796,4271
796,4272
796,4273
797,4274
797,4275
797,4276
797,4277
797,4278
797,4279
798,4280
798,4281
798,4282
798,4283
798,4284
798,4285
798,4286
798,4287
799,4288
799,4289
799,4290
799,4291
799,4292
799,4293
799,4294
800,4295
800,4296
800,4297
800,4298
801,4299
801,4300
801,4301
801,4302
801,4303
801,4304
801,4305
801,4306
802,4307
802,4308
802,4309
802,4310
802,4311
802,4312
802,4313
802,4314
803,4315
803,4316
803,4317
803,4318
803,4319
803,4320
803,4321
803,4322
803,4323
804,4324
804,4325
804,4326
804,4327
804,4328
804,4329
805,4330
805,4331
805,4332
805,4333
805,4334
805,4335
805,4336
805,4337
806,4338
807,4339
807,4340
807,4341
807,4342
807,4343
807,4344
807,4345
807,4346
808,4347
808,4348
808,4349
808,4350
808,4351
809,4352
809,4353
809,4354
810,4355
810,4356
810,4357
810,4358
810,4359
810,4360
810,4361
810,4362
811,4363
812,4364
812,4365
812,4366
812,4367
812,4368
812,4369
812,4370
812,4371
812,4372
812,4373
813,4374
813,4375
813,4376
813,4377
814,4378
815,4379
815,4380
815,4381
815,4382
815,4383
815,4384
816,4385
816,4386
816,4387
816,4388
816,4389
816,4390
816,4391
816,4392
817,4393
817,4394
817,4395
817,4396
817,4397
817,4398
817,4399
818,4400
819,4401
819,4402
819,4403
819,4404
819,4405
819,4406
819,4407
819,4408
819,4409
820,4410
820,4411
821,4412
821,4413
822,4414
822,4415
822,4416
822,4417
822,4418
822,4419
822,4420
823,4421
824,4422
824,4423
824,4424
824,4425
824,4426
824,4427
825,4428
826,4429
826,4430
827,4431
827,4432
827,4433
827,4434
827,4435
827,4436
827,4437
827,4438
827,4439
827,4440
828,4441
829,4442
829,4443
829,4444
829,4445
829,4446
830,4447
830,4448
830,4449
830,4450
830,4451
831,4452
831,4453
831,4454
831,4455
832,4456
832,4457
832,4458
833,4459
833,4460
833,4461
833,4462
833,4463
833,4464
833,4465
833,4466
833,4467
833,4468
834,4469
834,4470
834,4471
834,4472
834,4473
835,4474
835,4475
835,4476
835,4477
836,4478
836,4479
837,4480
837,4481
837,4482
837,4483
837,4484
837,4485
837,4486
838,4487
838,4488
838,4489
838,4490
838,4491
838,4492
838,4493
838,4494
839,4495
839,4496
839,4497
839,4498
839,4499
839,4500
840,4501
840,4502
840,4503
840,4504
840,4505
840,4506
840,4507
841,4508
841,4509
841,4510
842,4511
842,4512
842,4513
842,4514
842,4515
842,4516
843,4517
843,4518
843,4519
843,4520
843,4521
843,4522
843,4523
844,4524
844,4525
844,4526
844,4527
844,4528
844,4529
844,4530
845,4531
845,4532
845,4533
846,4534
846,4535
846,4536
846,4537
846,4538
846,4539
846,4540
846,4541
847,4542
847,4543
847,4544
848,4545
848,4546
848,4547
848,4548
848,4549
848,4550
848,4551
848,4552
848,4553
849,4554
849,4555
849,4556
849,4557
849,4558
849,4559
850,4560
850,4561
850,4562
851,4563
851,4564
851,4565
851,4566
852,4567
852,4568
852,4569
853,4570
853,4571
853,4572
853,4573
853,4574
853,4575
853,4576
853,4577
854,4578
854,4579
854,4580
854,4581
854,4582
854,4583
855,4584
855,4585
855,4586
855,4587
855,4588
855,4589
855,4590
856,4591
856,4592
856,4593
856,4594
856,4595
856,4596
856,4597
857,4598
857,4599
857,4600
857,4601
857,4602
857,4603
857,4604
857,4605
858,4606
858,4607
858,4608
858,4609
858,4610
858,4611
858,4612
859,4613
859,4614
859,4615
859,4616
860,4617
860,4618
860,4619
860,4620
861,4621
861,4622
861,4623
861,4624
861,4625
861,4626
861,4627
861,4628
862,4629
862,4630
862,4631
862,4632
863,4633
863,4634
863,4635
863,4636
863,4637
863,4638
863,4639
863,4640
863,4641
863,4642
864,4643
865,4644
865,4645
865,4646
865,4647
865,4648
865,4649
865,4650
866,4651
867,4652
867,4653
867,4654
867,4655
868,4656
868,4657
869,4658
869,4659
869,4660
870,4661
870,4662
870,4663
870,4664
870,4665
870,4666
871,4667
872,4668
872,4669
872,4670
873,4671
873,4672
873,4673
873,4674
874,4675
874,4676
874,4677
874,4678
874,4679
874,4680
874,4681
874,4682
874,4683
874,4684
875,4685
875,4686
875,4687
875,4688
875,4689
876,4690
876,4691
876,4692
876,4693
876,4694
876,4695
876,4696
876,4697
876,4698
876,4699
877,4700
877,4701
878,4702
878,4703
878,4704
878,4705
878,4706
878,4707
878,4708
878,4709
878,4710
879,4711
879,4712
879,4713
879,4714
879,4715
880,4716
880,4717
880,4718
880,4719
880,4720
880,4721
881,4722
881,4723
881,4724
881,4725
881,4726
881,4727
881,4728
882,4729
882,4730
882,4731
882,4732
882,4733
882,4734
882,4735
882,4736
883,4737
884,4738
884,4739
884,4740
884,4741
884,4742
884,4743
884,4744
884,4745
884,4746
885,4747
885,4748
885,4749
885,4750
885,4751
885,4752
885,4753
885,4754
885,4755
886,4756
886,4757
886,4758
886,4759
886,4760
886,4761
886,4762
887,4763
887,4764
887,4765
887,4766
887,4767
887,4768
887,4769
887,4770
887,4771
887,4772
888,4773
888,4774
888,4775
888,4776
888,4777
888,4778
888,4779
888,4780
889,4781
889,4782
889,4783
889,4784
889,4785
889,4786
889,4787
889,4788
890,4789
890,4790
890,4791
890,4792
890,4793
891,4794
891,4795
891,4796
891,4797
891,4798
891,4799
891,4800
891,4801
892,4802
892,4803
892,4804
892,4805
893,4806
893,4807
893,4808
893,4809
893,4810
893,4811
894,4812
894,4813
894,4814
894,4815
894,4816
895,4817
896,4818
897,4819
898,4820
898,4821
898,4822
899,4823
899,4824
899,4825
899,4826
899,4827
899,4828
900,4829
901,4830
901,4831
901,4832
901,4833
901,4834
902,4835
903,4836
903,4837
903,4838
904,4839
904,4840
905,4841
905,4842
905,4843
905,4844
905,4845
905,4846
905,4847
906,4848
906,4849
906,4850
906,4851
907,4852
907,4853
907,4854
907,4855
907,4856
907,4857
907,4858
907,4859
907,4860
907,4861
908,4862
908,4863
908,4864
908,4865
908,4866
908,4867
908,4868
909,4869
909,4870
909,4871
909,4872
909,4873
909,4874
909,4875
909,4876
909,4877
910,4878
910,4879
910,4880
910,4881
911,4882
911,4883
911,4884
911,4885
911,4886
911,4887
911,4888
911,4889
912,4890
912,4891
912,4892
912,4893
913,4894
913,4895
913,4896
913,4897
913,4898
913,4899
914,4900
914,4901
914,4902
914,4903
914,4904
914,4905
914,4906
914,4907
914,4908
914,4909
915,4910
915,4911
916,4912
916,4913
916,4914
916,4915
916,4916
916,4917
916,4918
916,4919
916,4920
916,4921
917,4922
917,4923
918,4924
918,4925
918,4926
918,4927
918,4928
918,4929
919,4930
919,4931
919,4932
919,4933
919,4934
919,4935
920,4936
920,4937
920,4938
920,4939
920,4940
920,4941
920,4942
920,4943
920,4944
921,4945
921,4946
921,4947
921,4948
921,4949
921,4950
921,4951
921,4952
922,4953
922,4954
922,4955
922,4956
922,4957
922,4958
923,4959
923,4960
923,4961
923,4962
923,4963
924,4964
925,4965
925,4966
925,4967
925,4968
925,4969
925,4970
925,4971
925,4972
925,4973
926,4974
927,4975
927,4976
927,4977
927,4978
928,4979
928,4980
928,4981
928,4982
928,4983
928,4984
929,4985
929,4986
930,4987
930,4988
930,4989
930,4990
931,4991
931,4992
931,4993
931,4994
931,4995
931,4996
931,4997
931,4998
931,4999
932,5000
932,5001
932,5002
932,5003
932,5004
932,5005
933,5006
933,5007
933,5008
933,5009
934,5010
934,5011
934,5012
934,5013
935,5014
935,5015
935,5016
935,5017
935,5018
936,5019
936,5020
936,5021
936,5022
936,5023
937,5024
937,5025
937,5026
937,5027
937,5028
938,5029
938,5030
938,5031
938,5032
938,5033
938,5034
938,5035
938,5036
938,5037
939,5038
939,5039
939,5040
939,5041
939,5042
939,5043
939,5044
940,5045
940,5046
940,5047
940,5048
940,5049
941,5050
941,5051
941,5052
941,5053
941,5054
941,5055
941,5056
941,5057
942,5058
942,5059
942,5060
942,5061
942,5062
942,5063
943,5064
943,5065
943,5066
943,5067
944,5068
945,5069
945,5070
945,5071
945,5072
945,5073
946,5074
946,5075
946,5076
946,5077
946,5078
946,5079
946,5080
946,5081
946,5082
947,5083
947,5084
948,5085
949,5086
949,5087
949,5088
949,5089
949,5090
949,5091
949,5092
949,5093
950,5094
950,5095
950,5096
950,5097
950,5098
950,5099
950,5100
950,5101
951,5102
951,5103
951,5104
951,5105
951,5106
951,5107
951,5108
951,5109
952,5110
953,5111
953,5112
953,5113
953,5114
953,5115
953,5116
953,5117
954,5118
954,5119
954,5120
954,5121
954,5122
954,5123
954,5124
954,5125
955,5126
955,5127
955,5128
955,5129
955,5130
955,5131
955,5132
955,5133
956,5134
956,5135
956,5136
956,5137
956,5138
956,5139
956,5140
956,5141
957,5142
957,5143
958,5144
958,5145
959,5146
959,5147
960,5148
960,5149
960,5150
960,5151
961,5152
961,5153
962,5154
962,5155
962,5156
963,5157
963,5158
963,5159
963,5160
963,5161
963,5162
963,5163
964,5164
964,5165
964,5166
964,5167
965,5168
965,5169
965,5170
965,5171
965,5172
965,5173
965,5174
965,5175
966,5176
966,5177
966,5178
966,5179
966,5180
966,5181
966,5182
966,5183
966,5184
966,5185
967,5186
967,5187
968,5188
968,5189
968,5190
968,5191
968,5192
968,5193
968,5194
969,5195
969,5196
969,5197
969,5198
969,5199
969,5200
969,5201
969,5202
969,5203
970,5204
970,5205
970,5206
970,5207
970,5208
970,5209
970,5210
971,5211
972,5212
972,5213
972,5214
973,5215
973,5216
973,5217
973,5218
974,5219
974,5220
974,5221
974,5222
974,5223
974,5224
974,5225
974,5226
975,5227
975,5228
975,5229
975,5230
976,5231
976,5232
976,5233
977,5234
977,5235
977,5236
977,5237
977,5238
978,5239
978,5240
978,5241
978,5242
978,5243
978,5244
979,5245
979,5246
979,5247
979,5248
979,5249
979,5250
980,5251
980,5252
980,5253
980,5254
980,5255
980,5256
980,5257
981,5258
981,5259
982,5260
982,5261
982,5262
982,5263
982,5264
982,5265
982,5266
982,5267
982,5268
983,5269
983,5270
983,5271
983,5272
983,5273
984,5274
984,5275
984,5276
984,5277
984,5278
984,5279
984,5280
984,5281
984,5282
984,5283
985,5284
985,5285
985,5286
985,5287
985,5288
985,5289
985,5290
985,5291
985,5292
986,5293
986,5294
986,5295
986,5296
987,5297
987,5298
987,5299
987,5300
987,5301
988,5302
988,5303
988,5304
988,5305
988,5306
988,5307
988,5308
988,5309
989,5310
989,5311
989,5312
989,5313
989,5314
989,5315
989,5316
989,5317
989,5318
990,5319
990,5320
990,5321
990,5322
990,5323
990,5324
990,5325
990,5326
990,5327
990,5328
991,5329
991,5330
991,5331
991,5332
991,5333
991,5334
991,5335
991,5336
992,5337
992,5338
992,5339
992,5340
992,5341
992,5342
992,5343
992,5344
992,5345
993,5346
993,5347
993,5348
993,5349
993,5350
994,5351
994,5352
994,5353
994,5354
994,5355
995,5356
995,5357
995,5358
995,5359
996,5360
997,5361
997,5362
998,5363
998,5364
998,5365
998,5366
998,5367
998,5368
998,5369
998,5370
998,5371
998,5372
999,5373
999,5374
